Country,CIT_rate_2019,CIT_rate_2020_OLD,CIT_rate_2020,inflation,tax_depreciation_building,tax_depreciation_equipment,inventory_accounting,inv_acc_flag,asset_tax,capital_input_sale_tax,capital_transfer_tax,land_transfer_tax,financial_transfer_tax_flag,dividend_payout_ratio,dividend_distribution_tax,domestic_tax_rate_dividend,international_interest_rate,debt_asset_ratio,domestic_pit_interest,domestic_pit_capital_gain,economic_depreciation_equipment,economic_depreciation_building,investment_allowance_equipment,investment_allowance_building,property_tax,mining_royalty,capital_weight_equipment,capital_weight_building,capital_weight_equipment_old,capital_weight_building_old,capital_weight_land,capital_weight_inventory,t_rho,r_d,rho_n,r_f,r_n,Z_E,r_g_E,METR_E,Z_B,r_g_B,METR_B,r_g_L,METR_L,p_FIFO,r_g_I,METR_I,METR_Overall
Argentina,0.25,0.35,0.35,0.32,0.04,0.12,LIFO,0,0.0,0.0,0.0,0.0,1,0.5,0,0.0,0.01,0.4,0.0,0.0,0.21,0.09,0,0,0.0,0,0.64,0.36,0.52,0.29,0.01,0.18,0.0,0.33,0.33,0.2838,0.010000000000000009,0.37010706979524066,0.02274828760670078,0.5604064722192809,0.12353304508956146,-0.010809426521594542,-1.925118458414283,-0.05569230769230771,-1.179558011049724,0.0,-0.05569230769230771,-1.179558011049724,-0.33438250280880216
Australia,0.3,0.3,0.3,0.02,0.03,0.24,Optional,0,0.0,0.0,0.06,0.0,0,0.5,0,0.0,0.01,0.4,0.0,0.0,0.21,0.09,0,0,0.0,0,0.64,0.36,0.52,0.29,0.01,0.18,0.0,0.03,0.03,0.0264,0.009999999999999998,0.9353331852453182,0.012397385162677077,0.19337829156865446,0.5319148936170213,0.025738601823708226,0.611478507321682,0.009142857142857142,-0.09374999999999996,0.5,0.013428571428571427,0.25531914893617025,0.34389436923974437
Austria   ,0.21,0.25,0.25,0.02,0.03,0.11,Optional,0,0.0,0.0,0.05,0.0,0,0.5,0,0.0,0.01,0.4,0.0,0.0,0.21,0.09,0,0,0.0,0,0.64,0.36,0.52,0.29,0.01,0.18,0.0,0.03,0.03,0.027,0.009999999999999998,0.876334658447475,0.01594512637229928,0.37284912226393324,0.5263157894736842,0.02231578947368422,0.5518867924528305,0.009333333333333332,-0.07142857142857137,0.5,0.012666666666666666,0.21052631578947378,0.43730268353193624
Bangladesh,0.25,0.325,0.25,0.06,0.12,0.37,Optional,0,0.0,0.0,0.0,0.0,0,0.5,0,0.0,0.01,0.4,0.0,0.0,0.21,0.09,0,0,0.0,0,0.64,0.36,0.52,0.29,0.01,0.18,0.0,0.06999999999999999,0.06999999999999999,0.063,0.009999999999999995,0.8939296288936615,0.010530996348550037,0.0504222327095529,0.6557377049180327,0.013672131147540983,0.2685851318944848,0.0040000000000000036,-1.4999999999999964,0.5,0.014000000000000004,0.28571428571428625,0.12896087641612838
Belgium,0.26,0.29,0.29,0.01,0.07,0.33,LIFO,0,0.0,0.0,0.0,0.0,0,0.5,0,0.0,0.01,0.4,0.0,0.0,0.21,0.09,0,0,0.0,0,0.64,0.36,0.52,0.29,0.01,0.18,0.0,0.02,0.02,0.01768,0.01,0.9654008504926532,0.010756263987014347,0.07030916942233452,0.7983576642335767,0.01572501799115865,0.36407067987950953,0.010816901408450706,0.07552083333333345,0.0,0.010816901408450706,0.07552083333333345,0.17606331318691754
Bolivia,0.25,0.25,0.25,0.04,0.03,0.17,FIFO,1,0.0,0.0,0.03,0.0,1,0.5,0,0.0,0.01,0.4,0.0,0.0,0.21,0.09,0,0,0.0,0,0.64,0.36,0.52,0.29,0.01,0.18,0.0,0.05,0.05,0.045,0.010000000000000002,0.8617769678856657,0.014905983968193953,0.3291284881737581,0.4,0.024000000000000007,0.5833333333333334,0.006666666666666664,-0.500000000000001,0.5,0.01333333333333333,0.2499999999999997,0.4206422324312052
Botswana,0.21,0.22,0.22,0.04,0.03,0.25,Optional,0,0.0,0.0,0.17,0.0,0,0.5,0,0.0,0.01,0.4,0.0,0.0,0.21,0.09,0,0,0.0,0,0.64,0.36,0.52,0.29,0.01,0.18,0.0,0.05,0.05,0.0456,0.010000000000000002,0.8956237810581239,0.01194714463698851,0.16297991663716233,0.3968253968253968,0.02186406186406184,0.5426284437825757,0.00717948717948718,-0.39285714285714296,0.5,0.012820512820512822,0.21999999999999992,0.2996533864095111
Brazil,0.34,0.34,0.34,0.06,0.04,0.12,Optional,0,0.0,0.13,0.04,0.0,1,0.5,0,0.0,0.01,0.4,0.0,0.0,0.21,0.09,0,0,0.0,0,0.64,0.36,0.52,0.29,0.01,0.18,0.0,0.06999999999999999,0.06999999999999999,0.06047999999999999,0.009999999999999995,0.7678043824660352,0.05629213848617956,0.8223553009545885,0.39808917197452237,0.04394524030110017,0.7724440705868744,0.0007272727272727188,-12.750000000000155,0.5,0.016181818181818176,0.38202247191011246,0.8043872580222113
Bulgaria,0.1,0.1,0.1,0.01,0.04,0.3,Optional,0,0.0,0.0,0.02,0.0,0,0.5,0,0.0,0.01,0.4,0.0,0.0,0.21,0.09,0,0,0.0,0,0.64,0.36,0.52,0.29,0.01,0.18,0.0,0.02,0.02,0.019200000000000002,0.01,0.959777964247888,0.010179630026318137,0.01764602700232979,0.6756756756756757,0.01277477477477476,0.21720733427362396,0.010222222222222225,0.021739130434782813,0.5,0.01077777777777778,0.07216494845360844,0.08948809761999568
Canada,0.26,0.29,0.265,0.02,0.04,0.55,FIFO,1,0.0,0.01,0.02,0.0,0,0.5,0,0.0,0.01,0.4,0.0,0.0,0.21,0.09,0,0,0.0,0,0.64,0.36,0.52,0.29,0.01,0.18,0.0,0.03,0.03,0.026819999999999997,0.009999999999999998,0.9634577756523578,0.011873388738067842,0.15778046010247113,0.598623166716552,0.021939530997074075,0.5442017424468358,0.009278911564625845,-0.07771260997067493,0.5,0.012884353741496593,0.22386483632523735,0.2968921217464424
Chad,0.35,0.4,0.35,0.06,0.05,0.16,Optional,0,0.0,0.0,0.1,0.0,1,0.5,0,0.0,0.01,0.4,0.0,0.0,0.21,0.09,0,0,0.0,0,0.64,0.36,0.52,0.29,0.01,0.18,0.0,0.06999999999999999,0.06999999999999999,0.06019999999999999,0.009999999999999995,0.81343012083609,0.021316840015521338,0.5308873175987276,0.4537205081669692,0.026732374703336573,0.6259217480311671,0.0003076923076922951,-31.50000000000131,0.5,0.016461538461538448,0.3925233644859811,0.5650997125544058
Chile,0.27,0.17,0.27,0.03,0.08,0.4,LIFO,0,0.0,0.0,0.0,0.0,1,0.5,0,0.0,0.01,0.4,0.0,0.0,0.21,0.09,0,0,0.0,0,0.64,0.36,0.52,0.29,0.01,0.18,0.0,0.04,0.04,0.03568,0.010000000000000002,0.9407451201457766,0.010406883522573795,0.039097537864358115,0.6915629322268326,0.016595123060308095,0.39741332657437084,0.0077808219178082255,-0.285211267605633,0.0,0.0077808219178082255,-0.285211267605633,0.1680912217999627
China,0.25,0.25,0.25,0.02,0.07,0.15,Optional,0,0.0,0.01,0.04,0.0,0,0.5,0,0.0,0.01,0.4,0.0,0.0,0.21,0.09,0,0,0.0,0,0.64,0.36,0.52,0.29,0.01,0.18,0.0,0.03,0.03,0.027,0.009999999999999998,0.9040750597690392,0.016177956383473246,0.38187495608434213,0.7216494845360826,0.017060000000000006,0.4138335287221574,0.009333333333333332,-0.07142857142857137,0.5,0.012666666666666666,0.21052631578947378,0.3933800422339556
Colombia,0.3,0.3605,0.32,0.05,0.05,0.19,LIFO,0,0.0,0.0,0.0,0.0,1,0.5,0,0.0,0.01,0.4,0.0,0.0,0.21,0.09,0,0,0.0,0,0.64,0.36,0.52,0.29,0.01,0.18,0.0,0.060000000000000005,0.060000000000000005,0.052320000000000005,0.010000000000000009,0.8548661915613093,0.016821087156566078,0.4055081037912268,0.48866301798279904,0.02453488479050732,0.5924170793795998,0.003411764705882357,-1.9310344827586197,0.0,0.003411764705882357,-1.9310344827586197,0.47279533500304105
Costa Rica,0.3,0.3,0.3,0.02,0.02,0.14,LIFO,0,0.0,0.0,0.02,0.0,0,0.5,0,0.0,0.01,0.4,0.0,0.0,0.21,0.09,0,0,0.0,0,0.64,0.36,0.52,0.29,0.01,0.18,0.0,0.03,0.03,0.0264,0.009999999999999998,0.9006156845910073,0.015617185366216896,0.3596797524327268,0.4310344827586207,0.0299064039408867,0.6656234557733488,0.009142857142857142,-0.09374999999999996,0.0,0.009142857142857142,-0.09374999999999996,0.4698194856353507
Croatia,0.28,0.22,0.18,0.0,0.05,0.3,Optional,0,0.0,0.0,0.04,0.0,0,0.5,0,0.0,0.01,0.4,0.0,0.0,0.21,0.09,0,0,0.0,0,0.64,0.36,0.52,0.29,0.01,0.18,0.0,0.01,0.01,0.00928,0.01,0.9802202401419648,0.010232091504269014,0.02268270413455364,0.843454790823212,0.012691616470820552,0.21207830200423086,0.011317073170731707,0.11637931034482754,0.5,0.011317073170731707,0.11637931034482754,0.09086511936763743
Czech Republic ,0.19,0.19,0.19,0.01,0.03,0.21,Optional,0,0.0,0.0,0.04,0.0,0,0.5,0,0.0,0.01,0.4,0.0,0.0,0.21,0.09,0,0,0.0,0,0.64,0.36,0.52,0.29,0.01,0.18,0.0,0.02,0.02,0.01848,0.01,0.9489005995044958,0.011098762264011047,0.09899863046656149,0.6188118811881188,0.017285539665077607,0.42148175910276947,0.010469135802469135,0.04481132075471693,0.5,0.011641975308641974,0.14103923647932118,0.21509255677559636
Denmark,0.22,0.25,0.22,0.01,0.05,0.23,FIFO,1,0.0,0.0,0.01,0.0,0,0.5,0,0.0,0.01,0.4,0.0,0.0,0.21,0.09,0,0,0.0,0,0.64,0.36,0.52,0.29,0.01,0.18,0.0,0.02,0.02,0.01824,0.01,0.953048974828778,0.01113006433505237,0.10153259685062299,0.7327080890973037,0.015646316169176666,0.360871920784775,0.010564102564102562,0.05339805825242699,0.5,0.011974358974358973,0.16488222698072794,0.1948947534669177
Dominican Republic,0.27,0.25,0.27,0.03,0.07,0.18,LIFO,0,0.0,0.0,0.03,0.0,0,0.5,0,0.0,0.01,0.4,0.0,0.0,0.21,0.09,0,0,0.0,0,0.64,0.36,0.52,0.29,0.01,0.18,0.0,0.04,0.04,0.03568,0.010000000000000002,0.8928076256592528,0.01423095595946483,0.2973065176728955,0.6623769871309614,0.017627969678429597,0.43271969589121395,0.0077808219178082255,-0.285211267605633,0.0,0.0077808219178082255,-0.285211267605633,0.34605526183149016
Ecuador,0.15,0.15,0.25,0.02,0.05,0.15,LIFO,0,0.0,0.0,0.0,0.0,0,0.5,0,0.0,0.01,0.4,0.0,0.0,0.21,0.09,0,0,0.0,0,0.64,0.36,0.52,0.29,0.01,0.18,0.0,0.03,0.03,0.027,0.009999999999999998,0.9040750597690392,0.013938570676706175,0.282566323912123,0.6493506493506493,0.018337662337662347,0.45467422096317317,0.009333333333333332,-0.07142857142857137,0.0,0.009333333333333332,-0.07142857142857137,0.34452516685050105
Egypt,0.23,0.2,0.225,0.17,0.05,0.27,Optional,0,0.0,0.0,0.0,0.0,1,0.5,0,0.0,0.01,0.4,0.0,0.0,0.21,0.09,0,0,0.0,0,0.64,0.36,0.52,0.29,0.01,0.18,0.0,0.18000000000000002,0.18000000000000002,0.16380000000000003,0.010000000000000009,0.7085072284184873,0.011046969084993918,0.09477432922448392,0.23386342376052383,0.012439361477413341,0.19610021638510794,-0.007999999999999978,-2.250000000000005,0.5,0.016677419354838734,0.40038684719535816,0.13125164860230856
Estonia,0.2,0.21,0.2,0.01,0.1,0.22,LIFO,0,0.0,0.0,0.0,0.0,0,0.5,0,0.0,0.01,0.4,0.0,0.0,0.21,0.09,0,0,0.0,0,0.64,0.36,0.52,0.29,0.01,0.18,0.0,0.02,0.02,0.0184,0.01,0.9509610488147697,0.011077526734713572,0.09727141811690992,0.8445945945945946,0.012222972972972965,0.1818684355997783,0.010499999999999999,0.0476190476190475,0.0,0.010499999999999999,0.0476190476190475,0.12772634441074254
Ethiopia,0.3,0.3,0.3,0.1,0.05,0.21,Optional,0,0.0,0.0,0.0,0.0,1,0.5,0,0.0,0.01,0.4,0.0,0.0,0.21,0.09,0,0,0.0,0,0.64,0.36,0.52,0.29,0.01,0.18,0.0,0.11,0.11,0.0968,0.010000000000000009,0.7722140740686751,0.016988341206827684,0.41136101057465413,0.34059945504087197,0.021329700272479546,0.5311701584057222,-0.004571428571428584,-3.187499999999996,0.5,0.016857142857142845,0.4067796610169482,0.45449230379383865
Fiji,0.2,0.28,0.2,0.03,0.05,0.18,FIFO,1,0.0,0.0,0.0,0.0,1,0.5,0,0.0,0.01,0.4,0.0,0.0,0.21,0.09,0,0,0.0,0,0.64,0.36,0.52,0.29,0.01,0.18,0.0,0.04,0.04,0.0368,0.010000000000000002,0.8897353866170593,0.012776342045355382,0.21730335924785854,0.5760368663594471,0.01705990783410137,0.4138303619665041,0.0085,-0.17647058823529427,0.5,0.012249999999999999,0.18367346938775486,0.28805308022657095
Finland,0.2,0.26,0.2,0.01,0.08,0.29,FIFO,1,0.0,0.0,0.04,0.0,1,0.5,0,0.0,0.01,0.4,0.0,0.0,0.21,0.09,0,0,0.0,0,0.64,0.36,0.52,0.29,0.01,0.18,0.0,0.02,0.02,0.0184,0.01,0.9604039069393715,0.010561946681110296,0.053204839796750655,0.8130081300813008,0.012999999999999998,0.23076923076923062,0.010499999999999999,0.0476190476190475,0.5,0.011749999999999998,0.1489361702127658,0.11712802054684343
France,0.26,0.34,0.28,0.01,0.03,0.27,Optional,0,0.0,0.0,0.05,0.0,1,0.5,0,0.0,0.01,0.4,0.0,0.0,0.21,0.09,0,0,0.0,0,0.64,0.36,0.52,0.29,0.01,0.18,0.0,0.02,0.02,0.017759999999999998,0.01,0.9596006173880227,0.01118119927239386,0.105641554507504,0.628140703517588,0.02189726409826913,0.5433219440053038,0.010777777777777775,0.07216494845360799,0.5,0.01272222222222222,0.2139737991266374,0.26320649472671187
Georgia,0.15,0.15,0.15,0.04,0.07,0.22,Optional,0,0.01,0.0,0.0,0.0,0,0.5,0,0.0,0.01,0.4,0.0,0.0,0.21,0.09,0,0,0.0,0,0.64,0.36,0.52,0.29,0.01,0.18,0.0,0.05,0.05,0.047,0.010000000000000002,0.8819490835395577,0.011520655683279313,0.13199384870831082,0.5982905982905983,0.013876319758672706,0.2793478260869567,0.008235294117647058,-0.2142857142857147,0.5,0.01176470588235294,0.1499999999999997,0.18504128056462332
Germany,0.3,0.3,0.3,0.01,0.03,0.14,LIFO,0,0.0,0.0,0.05,0.0,0,0.5,0,0.0,0.01,0.4,0.0,0.0,0.21,0.09,0,0,0.0,0,0.64,0.36,0.52,0.29,0.01,0.18,0.0,0.02,0.02,0.0176,0.01,0.9320213735525862,0.013939492477838822,0.2826137669001849,0.6302521008403361,0.023066026410564225,0.566461954824607,0.010857142857142859,0.07894736842105274,0.0,0.010857142857142859,0.07894736842105274,0.3847991145529769
Ghana,0.25,0.25,0.25,0.15,0.1,0.3,Optional,0,0.0,0.0,0.01,0.0,1,0.5,0,0.0,0.01,0.4,0.0,0.0,0.21,0.09,0,0,0.0,0,0.64,0.36,0.52,0.29,0.01,0.18,0.0,0.16,0.16,0.14400000000000002,0.010000000000000009,0.752862532450779,0.010805347793347048,0.07453233424313273,0.4098360655737705,0.01052459016393445,0.049844236760125886,-0.00799999999999997,-2.2500000000000058,0.5,0.01700000000000003,0.4117647058823534,0.06564461914925027
Greece,0.24,0.24,0.24,0.0,0.05,0.39,LIFO,0,0.0,0.0,0.0,0.0,1,0.5,0,0.0,0.01,0.4,0.0,0.0,0.21,0.09,0,0,0.0,0,0.64,0.36,0.52,0.29,0.01,0.18,0.0,0.01,0.01,0.00904,0.01,0.9841090629346626,0.010139184480460445,0.013727384162766889,0.8468834688346883,0.01382884039366708,0.27687356890896636,0.011894736842105262,0.15929203539822998,0.0,0.011894736842105262,0.15929203539822998,0.1084600106713987
Guyana,0.39,0.39,0.4,0.01,0.03,0.35,Optional,0,0.01,0.0,0.0,0.0,0,0.5,0,0.0,0.01,0.4,0.0,0.0,0.21,0.09,0,0,0.0,0,0.64,0.36,0.52,0.29,0.01,0.18,0.0,0.02,0.02,0.0168,0.01,0.9684600892473556,0.011358568434115562,0.1196073644311628,0.6410256410256411,0.02996581196581198,0.6662863662293212,0.011333333333333332,0.11764705882352933,0.5,0.014666666666666665,0.31818181818181807,0.3164118050784998
Hong Kong,0.17,0.17,0.165,0.03,0.04,0.93,Optional,0,0.0,0.0,0.05,0.0,0,0.5,0,0.0,0.01,0.4,0.0,0.0,0.21,0.09,0,0,0.0,0,0.64,0.36,0.52,0.29,0.01,0.18,0.0,0.04,0.04,0.037360000000000004,0.010000000000000002,0.9626641694574161,0.008963625342408937,-0.11562003296676646,0.5170630816959668,0.016651127940602764,0.3994400838386684,0.008814371257485036,-0.13451086956521677,0.5,0.011778443113772461,0.15099135739705163,0.0698016090831901
Hungary,0.09,0.19,0.09,0.01,0.03,0.48,Optional,0,0.0,0.0,0.0,0.0,0,0.5,0,0.0,0.01,0.4,0.0,0.0,0.21,0.09,0,0,0.0,0,0.64,0.36,0.52,0.29,0.01,0.18,0.0,0.02,0.02,0.01928,0.01,0.9710379998525527,0.0099080998519889,-0.009275254527501862,0.6087662337662337,0.013121485657199936,0.23789117625465941,0.010197802197802195,0.019396551724137675,0.5,0.01069230769230769,0.06474820143884871,0.07970466055407618
Iceland,0.2,0.18,0.2,0.02,0.03,0.31,FIFO,1,0.0,0.0,0.02,0.0,0,0.5,0,0.0,0.01,0.4,0.0,0.0,0.21,0.09,0,0,0.0,0,0.64,0.36,0.52,0.29,0.01,0.18,0.0,0.03,0.03,0.0276,0.009999999999999998,0.9443717474829466,0.01062617693692769,0.05892777248528813,0.5208333333333334,0.01929166666666665,0.48164146868250507,0.009499999999999998,-0.05263157894736848,0.5,0.011999999999999999,0.16666666666666669,0.21110470311628624
India,0.24,0.33,0.3,0.05,0.05,0.35,Optional,0,0.0,0.0,0.06,0.0,1,0.5,0,0.0,0.01,0.4,0.0,0.0,0.21,0.09,0,0,0.0,0,0.64,0.36,0.52,0.29,0.01,0.18,0.0,0.060000000000000005,0.060000000000000005,0.05280000000000001,0.010000000000000009,0.9062488800559573,0.011350102138896728,0.11895065985969658,0.48638132295719844,0.023227348526959443,0.5694730292442445,0.004000000000000006,-1.4999999999999984,0.5,0.01471428571428572,0.32038834951456274,0.2811387128381338
Indonesia,0.25,0.25,0.25,0.05,0.05,0.14,Optional,0,0.0,0.0,0.05,0.0,0,0.5,0,0.0,0.01,0.4,0.0,0.0,0.21,0.09,0,0,0.0,0,0.64,0.36,0.52,0.29,0.01,0.18,0.0,0.060000000000000005,0.060000000000000005,0.054000000000000006,0.010000000000000009,0.8119077772230482,0.017417245224755906,0.42585639284755755,0.4807692307692307,0.020269230769230775,0.5066413662239087,0.005333333333333338,-0.8749999999999999,0.5,0.013666666666666672,0.26829268292682895,0.45493898326304394
Iran,0.25,0.25,0.25,0.17,0.05,0.1,Optional,0,0.0,0.0,0.1,0.0,1,0.5,0,0.0,0.01,0.4,0.0,0.0,0.21,0.09,0,0,0.0,0,0.64,0.36,0.52,0.29,0.01,0.18,0.0,0.18000000000000002,0.18000000000000002,0.16200000000000003,0.010000000000000009,0.47974563388353964,0.02703046065184167,0.6300470003525938,0.23584905660377356,0.012886792452830212,0.2240117130307474,-0.010666666666666639,-1.937500000000003,0.5,0.017666666666666695,0.4339622641509438,0.4838742969167291
Ireland,0.13,0.13,0.125,0.0,0.02,0.12,FIFO,1,0.0,0.0,0.06,0.0,1,0.5,0,0.0,0.01,0.4,0.0,0.0,0.21,0.09,0,0,0.0,0,0.64,0.36,0.52,0.29,0.01,0.18,0.0,0.01,0.01,0.0095,0.01,0.9570792003099804,0.01084587364742276,0.07799036526889282,0.6779661016949153,0.014077481840193709,0.2896456828345375,0.010857142857142857,0.07894736842105259,0.5,0.010857142857142857,0.07894736842105259,0.1541862795925249
Israel,0.23,0.25,0.23,0.0,0.04,0.3,Optional,0,0.0,0.0,0.1,0.0,0,0.5,0,0.0,0.01,0.4,0.0,0.0,0.21,0.09,0,0,0.0,0,0.64,0.36,0.52,0.29,0.01,0.18,0.0,0.01,0.01,0.009080000000000001,0.01,0.9806397324124314,0.010346925853648603,0.03352936500712118,0.814995925020375,0.014555255665280098,0.31296294411001935,0.011792207792207793,0.1519823788546256,0.5,0.011792207792207793,0.1519823788546256,0.13412545348416452
Italy,0.28,0.31,0.24,0.01,0.02,0.15,LIFO,0,0.0,0.0,0.0,0.0,1,0.5,0,0.0,0.01,0.4,0.0,0.0,0.21,0.09,0,0,0.0,0,0.64,0.36,0.52,0.29,0.01,0.18,0.0,0.02,0.02,0.01808,0.01,0.934161022229071,0.012614157138616078,0.2072399376263741,0.5252100840336135,0.022785493144626273,0.5611242672463993,0.010631578947368419,0.0594059405940592,0.0,0.010631578947368419,0.0594059405940592,0.3346382962895832
Jamaica,0.28,0.33,0.25,0.05,0.04,0.13,Optional,0,0.01,0.0,0.09,0.0,1,0.5,0,0.0,0.01,0.4,0.0,0.0,0.21,0.09,0,0,0.0,0,0.64,0.36,0.52,0.29,0.01,0.18,0.0,0.060000000000000005,0.060000000000000005,0.054000000000000006,0.010000000000000009,0.8010115121284057,0.018194512134840413,0.45038372417520606,0.425531914893617,0.021999999999999992,0.5454545454545449,0.005333333333333338,-0.8749999999999999,0.5,0.013666666666666672,0.26829268292682895,0.484609219835768
Japan,0.31,0.4,0.3062,0.01,0.02,0.21,Optional,0,0.01,0.0,0.0,0.0,0,0.5,0,0.0,0.01,0.4,0.0,0.0,0.21,0.09,0,0,0.0,0,0.64,0.36,0.52,0.29,0.01,0.18,0.0,0.02,0.02,0.0175504,0.01,0.9513721819378373,0.012219310621277901,0.18162322655202331,0.5326174954194896,0.027672458019822918,0.6386298610395725,0.010882675122513693,0.08110828565374023,0.5,0.013089362928797924,0.23602087783821873,0.34614561496754104
Jordan,0.19,0.15,0.2,0.02,0.04,0.24,Optional,0,0.0,0.0,0.09,0.0,0,0.5,0,0.0,0.01,0.4,0.0,0.0,0.21,0.09,0,0,0.0,0,0.64,0.36,0.52,0.29,0.01,0.18,0.0,0.03,0.03,0.0276,0.009999999999999998,0.9325537089074325,0.011269078235435631,0.11261597523078813,0.591715976331361,0.017562130177514776,0.43059299191374617,0.009499999999999998,-0.05263157894736848,0.5,0.011999999999999999,0.16666666666666669,0.227087701236653
Kazakhstan,0.2,0.2,0.2,0.08,0.1,0.26,Optional,0,0.02,0.0,0.0,0.0,0,0.5,0,0.0,0.01,0.4,0.0,0.0,0.21,0.09,0,0,0.0,0,0.64,0.36,0.52,0.29,0.01,0.18,0.0,0.09,0.09,0.0828,0.009999999999999995,0.8276850267519079,0.011967156576798477,0.16437961383511426,0.5470459518599562,0.01330853391684901,0.2486024334100626,0.003499999999999996,-1.8571428571428588,0.5,0.013499999999999996,0.2592592592592594,0.19469982888209567
Kenya,0.3,0.3,0.3,0.07,0.03,0.29,Optional,0,0.0,0.0,0.05,0.0,1,0.5,0,0.0,0.01,0.4,0.0,0.0,0.21,0.09,0,0,0.0,0,0.64,0.36,0.52,0.29,0.01,0.18,0.0,0.08,0.08,0.0704,0.009999999999999995,0.8613845432004412,0.012899153761697368,0.22475534560306543,0.298804780876494,0.027566306203756413,0.6372383036709752,0.000571428571428568,-16.500000000000096,0.5,0.01557142857142857,0.3577981651376149,0.3732492105075129
Korea S.,0.28,0.24,0.25,0.01,0.03,0.2,LIFO,0,0.0,0.0,0.04,0.0,1,0.5,0,0.0,0.01,0.4,0.0,0.0,0.21,0.09,0,0,0.0,0,0.64,0.36,0.52,0.29,0.01,0.18,0.0,0.02,0.02,0.018000000000000002,0.01,0.9481889202190793,0.011764938464080277,0.15001680369760018,0.625,0.020250000000000004,0.506172839506173,0.01066666666666667,0.06250000000000025,0.0,0.01066666666666667,0.06250000000000025,0.2782329765886864
Kuwait,0.17,0.15,0.15,0.03,0.04,0.2,Optional,0,0.0,0.0,0.0,0.0,0,0.5,0,0.0,0.01,0.4,0.0,0.0,0.21,0.09,0,0,0.0,0,0.64,0.36,0.52,0.29,0.01,0.18,0.0,0.04,0.04,0.0376,0.010000000000000002,0.8963995045593794,0.011578259024919824,0.13631229198819472,0.5154639175257731,0.015945421467556092,0.37286072868334963,0.008941176470588239,-0.11842105263157872,0.5,0.011588235294117651,0.1370558375634519,0.22146972919845048
Latvia,0.2,0.15,0.2,0.01,0.1,0.41,Optional,0,0.02,0.0,0.02,0.0,0,0.5,0,0.0,0.01,0.4,0.0,0.0,0.21,0.09,0,0,0.0,0,0.64,0.36,0.52,0.29,0.01,0.18,0.0,0.02,0.02,0.0184,0.01,0.9692013275681606,0.010081607514778407,0.008094692702406824,0.8445945945945946,0.012222972972972965,0.1818684355997783,0.010499999999999999,0.0476190476190475,0.5,0.011749999999999998,0.1489361702127658,0.07065324014546057
Lesotho,0.23,0.23,0.25,0.05,0.05,0.2,FIFO,1,0.0,0.0,0.0,0.0,0,0.5,0,0.0,0.01,0.4,0.0,0.0,0.21,0.09,0,0,0.0,0,0.64,0.36,0.52,0.29,0.01,0.18,0.0,0.060000000000000005,0.060000000000000005,0.054000000000000006,0.010000000000000009,0.8564040096019675,0.014243180648392972,0.29790962799251675,0.4807692307692307,0.020269230769230775,0.5066413662239087,0.005333333333333338,-0.8749999999999999,0.5,0.013666666666666672,0.26829268292682895,0.3730530537558178
Luxembourg,0.25,0.29,0.25,0.01,0.04,0.21,Optional,0,0.0,0.0,0.07,0.0,0,0.5,0,0.0,0.01,0.4,0.0,0.0,0.21,0.09,0,0,0.0,0,0.64,0.36,0.52,0.29,0.01,0.18,0.0,0.02,0.02,0.018000000000000002,0.01,0.9501755405790909,0.01162057738458605,0.1394575614405909,0.689655172413793,0.018137931034482774,0.448669201520913,0.01066666666666667,0.06250000000000025,0.5,0.012333333333333335,0.18918918918918928,0.25077375186950684
Madagascar,0.2,0.23,0.2,0.07,0.05,0.17,Optional,0,0.0,0.0,0.05,0.0,0,0.5,0,0.0,0.01,0.4,0.0,0.0,0.21,0.09,0,0,0.0,0,0.64,0.36,0.52,0.29,0.01,0.18,0.0,0.08,0.08,0.0736,0.009999999999999995,0.7887286531157554,0.014881889923618608,0.3280423352594961,0.4045307443365696,0.017533980582524256,0.4296788482834992,0.00449999999999999,-1.222222222222226,0.5,0.013249999999999991,0.2452830188679244,0.36463147994813727
Malaysia,0.24,0.25,0.24,0.02,0.03,0.17,FIFO,1,0.0,0.0,0.02,0.0,1,0.5,0,0.0,0.01,0.4,0.0,0.0,0.21,0.09,0,0,0.0,0,0.64,0.36,0.52,0.29,0.01,0.18,0.0,0.03,0.03,0.02712,0.009999999999999998,0.9129452623357859,0.01308883936052238,0.23599031781524635,0.5252100840336135,0.021681556833259633,0.5387785076088291,0.009368421052631576,-0.0674157303370788,0.5,0.01252631578947368,0.20168067226890746,0.34499406614093614
Mauritius,0.15,0.15,0.15,0.03,0.05,0.38,Optional,0,0.0,0.0,0.05,0.0,1,0.5,0,0.0,0.01,0.4,0.0,0.0,0.21,0.09,0,0,0.0,0,0.64,0.36,0.52,0.29,0.01,0.18,0.0,0.04,0.04,0.0376,0.010000000000000002,0.9354897269961583,0.010077194483347512,0.007660314929425427,0.5707762557077625,0.014992747784045121,0.33301085671288805,0.008941176470588239,-0.11842105263157872,0.5,0.011588235294117651,0.1370558375634519,0.12478650997147196
Mexico,0.3,0.3,0.3,0.04,0.05,0.15,LIFO,0,0.0,0.0,0.04,0.0,0,0.5,0,0.0,0.01,0.4,0.0,0.0,0.21,0.09,0,0,0.0,0,0.64,0.36,0.52,0.29,0.01,0.18,0.0,0.05,0.05,0.044,0.010000000000000002,0.8506900545575484,0.017693854996293445,0.4348320362015611,0.5319148936170213,0.022857142857142868,0.5625000000000001,0.00571428571428571,-0.7500000000000017,0.0,0.00571428571428571,-0.7500000000000017,0.48079250316899913
Moldova,0.12,0.12,0.12,0.051,0.05,0.2,FIFO,1,0.0,0.0,0.0,0.003,0,0.5,0,0.06,0.01,0.4,0.12,0.095,0.21,0.09,0,0,0.004,0,0.64,0.36,0.52,0.29,0.01,0.18,0.0775,0.061,0.05818970189701897,0.056385821138211376,0.008313821138211379,0.8508210168659139,0.009767326289879336,0.1488130025075586,0.46998744254690095,0.012279777911787818,0.3229664902790602,0.010138612047302285,0.17998429179233194,0.5,0.00959752402069475,0.13375354723941033,0.2115082581052992
Morocco,0.31,0.3,0.31,0.01,0.08,0.33,Optional,0,0.0,0.0,0.04,0.0,1,0.5,0,0.0,0.01,0.4,0.0,0.0,0.21,0.09,0,0,0.0,0,0.64,0.36,0.52,0.29,0.01,0.18,0.0,0.02,0.02,0.01752,0.01,0.9657049776717005,0.010871528274817466,0.08016612317849107,0.8203445447087777,0.015391304347826082,0.350282485875706,0.010898550724637683,0.08244680851063844,0.5,0.013144927536231884,0.2392502756339581,0.17740801374948842
Netherlands,0.21,0.26,0.25,0.01,0.03,0.21,Optional,0,0.0,0.0,0.06,0.0,0,0.5,0,0.0,0.01,0.4,0.0,0.0,0.21,0.09,0,0,0.0,0,0.64,0.36,0.52,0.29,0.01,0.18,0.0,0.02,0.02,0.018000000000000002,0.01,0.9501755405790909,0.01162057738458605,0.1394575614405909,0.625,0.020250000000000004,0.506172839506173,0.01066666666666667,0.06250000000000025,0.5,0.012333333333333335,0.18918918918918928,0.2714750615442004
New Zealand,0.28,0.3,0.28,0.01,0.07,0.24,Optional,0,0.0,0.0,0.0,0.0,0,0.5,0,0.0,0.01,0.4,0.0,0.0,0.21,0.09,0,0,0.0,0,0.64,0.36,0.52,0.29,0.01,0.18,0.0,0.02,0.02,0.017759999999999998,0.01,0.9557431348473616,0.011507868038303865,0.13102931257857106,0.7976298997265269,0.015453661501063504,0.3529041645365526,0.010777777777777775,0.07216494845360799,0.5,0.01272222222222222,0.2139737991266374,0.21090425928344442
Nigeria,0.32,0.32,0.3,0.12,0.1,0.25,FIFO,1,0.0,0.0,0.0,0.0,1,0.5,0,0.0,0.01,0.4,0.0,0.0,0.21,0.09,0,0,0.0,0,0.64,0.36,0.52,0.29,0.01,0.18,0.0,0.13,0.13,0.1144,0.010000000000000009,0.7683808516133332,0.014689837398672023,0.31925727095495154,0.4664179104477612,0.013700426439232416,0.2700957123959222,-0.007999999999999991,-2.2500000000000027,0.5,0.01771428571428572,0.43548387096774166,0.301559109873701
Norway,0.22,0.28,0.22,0.03,0.04,0.25,FIFO,1,0.0,0.0,0.03,0.0,0,0.5,0,0.0,0.01,0.4,0.0,0.0,0.21,0.09,0,0,0.0,0,0.64,0.36,0.52,0.29,0.01,0.18,0.0,0.04,0.04,0.03648,0.010000000000000002,0.9150526683406582,0.011666753382916867,0.14286351379959925,0.5230125523012553,0.019459929192146758,0.48612351559657274,0.008307692307692308,-0.20370370370370394,0.5,0.012538461538461538,0.20245398773006118,0.2664371144465097
Pakistan,0.25,0.35,0.0,0.05,0.1,0.25,Optional,0,0.02,0.0,0.03,0.0,0,0.5,0,0.0,0.01,0.4,0.0,0.0,0.21,0.09,0,0,0.0,0,0.64,0.36,0.52,0.29,0.01,0.18,0.0,0.060000000000000005,0.060000000000000005,0.06000000000000001,0.010000000000000009,0.8662764031749148,0.010000000000000009,0.0,0.6249999999999999,0.010000000000000009,0.0,0.010000000000000009,0.0,0.5,0.010000000000000009,0.0,0.0
Panama,0.25,0.25,0.25,0.01,0.07,0.24,LIFO,0,0.0,0.0,0.02,0.0,0,0.5,0,0.0,0.01,0.4,0.0,0.0,0.21,0.09,0,0,0.0,0,0.64,0.36,0.52,0.29,0.01,0.18,0.0,0.02,0.02,0.018000000000000002,0.01,0.9551666014505594,0.011257893627926036,0.1117343678577436,0.7954545454545454,0.014681818181818199,0.3188854489164094,0.01066666666666667,0.06250000000000025,0.0,0.01066666666666667,0.06250000000000025,0.1863087570388633
Paraguay,0.1,0.1,0.1,0.04,0.03,0.16,Optional,0,0.0,0.0,0.0,0.0,0,0.5,0,0.0,0.01,0.4,0.0,0.0,0.21,0.09,0,0,0.0,0,0.64,0.36,0.52,0.29,0.01,0.18,0.0,0.05,0.05,0.048,0.010000000000000002,0.8466485962167474,0.011714511780527653,0.14635793728745775,0.3846153846153846,0.01470085470085472,0.3197674418604659,0.008888888888888889,-0.12500000000000022,0.5,0.011111111111111112,0.09999999999999985,0.20878535893374067
Peru,0.3,0.3,0.295,0.03,0.05,0.2,Optional,0,0.0,0.0,0.03,0.0,0,0.5,0,0.0,0.01,0.4,0.0,0.0,0.21,0.09,0,0,0.0,0,0.64,0.36,0.52,0.29,0.01,0.18,0.0,0.04,0.04,0.035280000000000006,0.010000000000000002,0.9022948429778497,0.014081446851205548,0.2898457022444482,0.5863039399624765,0.021773621811504523,0.5407286814030955,0.0074893617021276684,-0.33522727272727143,0.5,0.013765957446808516,0.2735703245749615,0.38016357474156126
Philippines,0.3,0.3,0.3,0.03,0.07,0.24,Optional,0,0.0,0.0,0.0,0.0,1,0.5,0,0.0,0.01,0.4,0.0,0.0,0.21,0.09,0,0,0.0,0,0.64,0.36,0.52,0.29,0.01,0.18,0.0,0.04,0.04,0.0352,0.010000000000000002,0.9152538857335552,0.01301601305291672,0.23171558300188308,0.6653992395437262,0.018851711026615994,0.4695441710367089,0.007428571428571434,-0.3461538461538455,0.5,0.013857142857142863,0.2783505154639177,0.3173338746944204
Poland,0.19,0.19,0.19,0.01,0.03,0.26,LIFO,0,0.0,0.0,0.0,0.0,1,0.5,0,0.0,0.01,0.4,0.0,0.0,0.21,0.09,0,0,0.0,0,0.64,0.36,0.52,0.29,0.01,0.18,0.0,0.02,0.02,0.01848,0.01,0.9567845494885225,0.01069472248058273,0.06495937429363535,0.6188118811881188,0.017285539665077607,0.42148175910276947,0.010469135802469135,0.04481132075471693,0.0,0.010469135802469135,0.04481132075471693,0.19330743282492363
Portugal,0.32,0.29,0.21,0.01,0.02,0.2,Optional,0,0.0,0.0,0.01,0.0,1,0.5,0,0.0,0.01,0.4,0.0,0.0,0.21,0.09,0,0,0.0,0,0.64,0.36,0.52,0.29,0.01,0.18,0.0,0.02,0.02,0.01832,0.01,0.9473060307119942,0.011378064492077289,0.12111589743904641,0.5219206680584552,0.02081493618033349,0.5195757549596396,0.010531645569620251,0.05048076923076904,0.5,0.011860759493670886,0.15688367129135533,0.26456144614645993
Qatar,0.1,0.1,0.1,0.02,0.05,0.19,Optional,0,0.0,0.0,0.0,0.0,0,0.5,0,0.0,0.01,0.4,0.0,0.0,0.21,0.09,0,0,0.0,0,0.64,0.36,0.52,0.29,0.01,0.18,0.0,0.03,0.03,0.0288,0.009999999999999998,0.9157439912697709,0.010848357190019364,0.07820144333004318,0.6345177664974619,0.012812182741116743,0.21949286846275712,0.009777777777777776,-0.022727272727272773,0.5,0.010888888888888889,0.08163265306122464,0.12906635637782018
Romania,0.16,0.16,0.16,0.01,0.03,0.25,LIFO,0,0.0,0.0,0.0,0.0,0,0.5,0,0.0,0.01,0.4,0.0,0.0,0.21,0.09,0,0,0.0,0,0.64,0.36,0.52,0.29,0.01,0.18,0.0,0.02,0.02,0.01872,0.01,0.9548964624698442,0.01059905632925634,0.05651977974706841,0.6157635467980296,0.015945109078114028,0.3728484420513735,0.010380952380952381,0.036697247706422034,0.0,0.010380952380952381,0.036697247706422034,0.17039809817661825
Russia,0.2,0.2,0.2,0.08,0.03,0.21,Optional,0,0.01,0.0,0.0,0.0,0,0.5,0,0.0,0.01,0.4,0.0,0.0,0.21,0.09,0,0,0.0,0,0.64,0.36,0.52,0.29,0.01,0.18,0.0,0.09,0.09,0.0828,0.009999999999999995,0.7997370503189922,0.013453988923029597,0.25672601209870965,0.26595744680851063,0.019829787234042537,0.4957081545064376,0.003499999999999996,-1.8571428571428588,0.5,0.013499999999999996,0.2592592592592594,0.3427595833654917
Rwanda,0.3,0.3,0.3,0.04,0.04,0.2,Optional,0,0.0,0.0,0.0,0.0,0,0.5,0,0.0,0.01,0.4,0.0,0.0,0.21,0.09,0,0,0.0,0,0.64,0.36,0.52,0.29,0.01,0.18,0.0,0.05,0.05,0.044,0.010000000000000002,0.8804473987381651,0.014964681430014032,0.331759914384584,0.4761904761904763,0.02510204081632654,0.6016260162601627,0.00571428571428571,-0.7500000000000017,0.5,0.014285714285714282,0.29999999999999966,0.4289117110597923
Saudi Arabia,0.2,0.2,0.2,0.02,0.05,0.24,Optional,0,0.0,0.0,0.0,0.0,0,0.5,0,0.0,0.01,0.4,0.0,0.0,0.21,0.09,0,0,0.0,0,0.64,0.36,0.52,0.29,0.01,0.18,0.0,0.03,0.03,0.0276,0.009999999999999998,0.9325537089074325,0.011269078235435631,0.11261597523078813,0.6443298969072165,0.016278350515463905,0.3856871437618742,0.009499999999999998,-0.05263157894736848,0.5,0.011999999999999999,0.16666666666666669,0.21092159590197912
Serbia,0.15,0.1,0.15,0.02,0.03,0.15,Optional,0,0.0,0.0,0.03,0.0,0,0.5,0,0.0,0.01,0.4,0.0,0.0,0.21,0.09,0,0,0.0,0,0.64,0.36,0.52,0.29,0.01,0.18,0.0,0.03,0.03,0.0282,0.009999999999999998,0.9001406030693268,0.012045174190048191,0.16979199783909563,0.5154639175257731,0.01659672528805338,0.3974714995615323,0.009647058823529411,-0.03658536585365842,0.5,0.011411764705882352,0.12371134020618564,0.25175661845917285
Sierra Leone,0.3,0.35,0.3,0.1,0.11,0.37,Optional,0,0.0,0.0,0.0,0.0,0,0.5,0,0.0,0.01,0.4,0.0,0.0,0.21,0.09,0,0,0.0,0,0.64,0.36,0.52,0.29,0.01,0.18,0.0,0.11,0.11,0.0968,0.010000000000000009,0.8446628635550675,0.01056730849291948,0.05368524003057079,0.5319148936170213,0.014212765957446818,0.2964071856287424,-0.004571428571428584,-3.187499999999996,0.5,0.016857142857142845,0.4067796610169482,0.14106514044591256
Singapore,0.17,0.17,0.17,0.0,0.03,0.25,FIFO,1,0.0,0.0,0.04,0.0,1,0.5,0,0.0,0.01,0.4,0.0,0.0,0.21,0.09,0,0,0.0,0,0.64,0.36,0.52,0.29,0.01,0.18,0.0,0.01,0.01,0.00932,0.01,0.9771273325450399,0.010347462268021329,0.033579467024987916,0.762970498474059,0.01414180833200554,0.2928768538484472,0.011228915662650604,0.10944206008583698,0.5,0.011228915662650604,0.10944206008583698,0.12692652628143325
Slovak Republic,0.22,0.21,0.21,0.01,0.05,0.17,Optional,0,0.0,0.0,0.0,0.0,0,0.5,0,0.0,0.01,0.4,0.0,0.0,0.21,0.09,0,0,0.0,0,0.64,0.36,0.52,0.29,0.01,0.18,0.0,0.02,0.02,0.01832,0.01,0.9398730618853423,0.011809432603962416,0.15321926672034164,0.7318501170960187,0.015328283876322887,0.34761124724166403,0.010531645569620251,0.05048076923076904,0.5,0.011860759493670886,0.15688367129135533,0.2232003797080177
Slovenia,0.19,0.2,0.19,0.01,0.04,0.22,Optional,0,0.0,0.0,0.0,0.0,0,0.5,0,0.0,0.01,0.4,0.0,0.0,0.21,0.09,0,0,0.0,0,0.64,0.36,0.52,0.29,0.01,0.18,0.0,0.02,0.02,0.01848,0.01,0.9507561857889565,0.011003666445033894,0.09121200193112562,0.6839945280437756,0.015779804428231237,0.3662785844094962,0.010469135802469135,0.04481132075471693,0.5,0.011641975308641974,0.14103923647932118,0.19023597162333902
South Africa,0.28,0.28,0.28,0.05,0.05,0.25,Optional,0,0.0,0.0,0.0,0.0,1,0.5,0,0.0,0.01,0.4,0.0,0.0,0.21,0.09,0,0,0.0,0,0.64,0.36,0.52,0.29,0.01,0.18,0.0,0.060000000000000005,0.060000000000000005,0.05328000000000001,0.010000000000000009,0.8797748053246849,0.013251744813469912,0.24538238996004694,0.48412083656080557,0.02199380325329202,0.5453264774248076,0.004555555555555563,-1.1951219512195108,0.5,0.014277777777777787,0.29961089494163406,0.35336226144736077
Spain,0.25,0.3,0.25,0.01,0.02,0.29,Optional,0,0.0,0.0,0.01,0.0,0,0.5,0,0.0,0.01,0.4,0.0,0.0,0.21,0.09,0,0,0.0,0,0.64,0.36,0.52,0.29,0.01,0.18,0.0,0.02,0.02,0.018000000000000002,0.01,0.9612372484896415,0.010816759943086063,0.07550874267188719,0.5263157894736842,0.023473684210526327,0.5739910313901347,0.01066666666666667,0.06250000000000025,0.5,0.012333333333333335,0.18918918918918928,0.2549623666104563
Sweden,0.21,0.21,0.214,0.01,0.03,0.2,FIFO,1,0.0,0.0,0.04,0.0,0,0.5,0,0.0,0.01,0.4,0.0,0.0,0.21,0.09,0,0,0.0,0,0.64,0.36,0.52,0.29,0.01,0.18,0.0,0.02,0.02,0.018288,0.01,0.9473942617571239,0.011414469589524218,0.1239189940829459,0.621272365805169,0.018422882552016143,0.45719677842132084,0.010544529262086511,0.05164092664092634,0.5,0.011905852417302796,0.1600769395169906,0.24389899644476087
Switzerland,0.18,0.21,0.1484,0.0,0.06,0.32,LIFO,0,0.0,0.0,0.0,0.0,1,0.5,0,0.0,0.01,0.4,0.0,0.0,0.21,0.09,0,0,0.0,0,0.64,0.36,0.52,0.29,0.01,0.18,0.0,0.01,0.01,0.0094064,0.01,0.9809066240749643,0.010136412443791626,0.013457665081019457,0.8644735932133061,0.011754067124253587,0.14923065401202346,0.01104556129638328,0.09465895560469474,0.0,0.01104556129638328,0.09465895560469474,0.062335941096180895
Tanzania,0.3,0.3,0.3,0.05,0.05,0.25,Optional,0,0.0,0.0,0.0,0.0,1,0.5,0,0.0,0.01,0.4,0.0,0.0,0.21,0.09,0,0,0.0,0,0.64,0.36,0.52,0.29,0.01,0.18,0.0,0.060000000000000005,0.060000000000000005,0.05280000000000001,0.010000000000000009,0.8807520149294771,0.013675416238431687,0.2687608314328851,0.48638132295719844,0.023227348526959443,0.5694730292442445,0.004000000000000006,-1.4999999999999984,0.5,0.01471428571428572,0.32038834951456274,0.37701722264497445
Thailand,0.2,0.3,0.2,0.01,0.05,0.21,Optional,0,0.0,0.0,0.0,0.0,1,0.5,0,0.0,0.01,0.4,0.0,0.0,0.21,0.09,0,0,0.0,0,0.64,0.36,0.52,0.29,0.01,0.18,0.0,0.02,0.02,0.0184,0.01,0.9491129026666244,0.011178435514402285,0.10542043319782896,0.7309941520467836,0.01501754385964911,0.3341121495327097,0.010499999999999999,0.0476190476190475,0.5,0.011749999999999998,0.1489361702127658,0.18774945107838603
Trinidad and Tobago,0.3,0.25,0.3,0.03,0.1,0.25,Optional,0,0.0,0.0,0.07,0.0,1,0.5,0,0.0,0.01,0.4,0.0,0.0,0.21,0.09,0,0,0.0,0,0.64,0.36,0.52,0.29,0.01,0.18,0.0,0.04,0.04,0.0352,0.010000000000000002,0.9178339883549197,0.012778053874009099,0.21740821422421236,0.7396449704142012,0.015822485207100598,0.367988032909499,0.007428571428571434,-0.3461538461538455,0.5,0.013857142857142863,0.2783505154639177,0.2716169489509156
Tunisia,0.26,0.3,0.25,0.05,0.05,0.2,Optional,0,0.0,0.0,0.05,0.0,0,0.5,0,0.0,0.01,0.4,0.0,0.0,0.21,0.09,0,0,0.0,0,0.64,0.36,0.52,0.29,0.01,0.18,0.0,0.060000000000000005,0.060000000000000005,0.054000000000000006,0.010000000000000009,0.8564040096019675,0.014243180648392972,0.29790962799251675,0.4807692307692307,0.020269230769230775,0.5066413662239087,0.005333333333333338,-0.8749999999999999,0.5,0.013666666666666672,0.26829268292682895,0.3730530537558178
Turkey,0.2,0.22,0.22,0.1,0.13,0.49,Optional,0,0.0,0.0,0.0,0.0,1,0.5,0,0.0,0.01,0.4,0.0,0.0,0.21,0.09,0,0,0.0,0,0.64,0.36,0.52,0.29,0.01,0.18,0.0,0.11,0.11,0.10032,0.010000000000000009,0.8657597514721846,0.008283269224976186,-0.20725280422462158,0.564432094477249,0.01141603655115292,0.12403924468951558,0.0004102564102564113,-23.374999999999957,0.5,0.014512820512820514,0.31095406360423977,-0.0879876666155322
Uganda,0.3,0.3,0.3,0.05,0.05,0.3,Optional,0,0.0,0.0,0.02,0.0,1,0.5,0,0.0,0.01,0.4,0.0,0.0,0.21,0.09,0,0,0.0,0,0.64,0.36,0.52,0.29,0.01,0.18,0.0,0.060000000000000005,0.060000000000000005,0.05280000000000001,0.010000000000000009,0.8955053786033224,0.012329909471377049,0.1889640371476975,0.48638132295719844,0.023227348526959443,0.5694730292442445,0.004000000000000006,-1.4999999999999984,0.5,0.01471428571428572,0.32038834951456274,0.3259472743024544
Ukraine,0.18,0.25,0.18,0.22,0.08,0.37,Optional,0,0.0,0.0,0.01,0.0,0,0.5,0,0.0,0.01,0.4,0.0,0.0,0.21,0.09,0,0,0.0,0,0.64,0.36,0.52,0.29,0.01,0.18,0.0,0.23,0.23,0.21344000000000002,0.010000000000000037,0.7058483551627188,0.006576095015396799,-0.5206592934844693,0.27262813522355506,0.0067626140383541394,-0.4787181322614414,-0.007999999999999978,-2.2500000000000084,0.5,0.016146341463414652,0.38066465256797427,-0.5055604754441791
United Kingdom,0.17,0.28,0.19,0.01,0.02,0.18,FIFO,1,0.0,0.0,0.05,0.0,1,0.5,0,0.0,0.01,0.4,0.0,0.0,0.21,0.09,0,0,0.0,0,0.64,0.36,0.52,0.29,0.01,0.18,0.0,0.02,0.02,0.01848,0.01,0.942138261340445,0.011445321241783324,0.126280530816986,0.5197505197505198,0.01957388157388157,0.48911512710164184,0.010469135802469135,0.04481132075471693,0.5,0.011641975308641974,0.14103923647932118,0.2569009854794621
United States,0.26,0.39,0.27,0.02,0.04,0.55,Optional,0,0.0,0.03,0.0,0.0,0,0.5,0,0.0,0.01,0.4,0.0,0.0,0.21,0.09,0,0,0.0,0,0.64,0.36,0.52,0.29,0.01,0.18,0.0,0.03,0.03,0.02676,0.009999999999999998,0.963536823619838,0.016273807028757248,0.385515633660328,0.5991611743559018,0.02443835386623111,0.5908071364079073,0.009260273972602737,-0.07988165680473384,0.5,0.012958904109589041,0.22832980972515868,0.4594205746494565
Uruguay,0.25,0.25,0.25,0.08,0.03,0.1,LIFO,0,0.0,0.0,0.04,0.0,0,0.5,0,0.0,0.01,0.4,0.0,0.0,0.21,0.09,0,0,0.0,0,0.64,0.36,0.52,0.29,0.01,0.18,0.0,0.09,0.09,0.08099999999999999,0.009999999999999995,0.6679920739539631,0.024351224131904575,0.5893430266243511,0.2702702702702703,0.023135135135135126,0.5677570093457944,0.001333333333333316,-6.500000000000093,0.0,0.001333333333333316,-6.500000000000093,0.5815720604040707
Uzbekistan,0.12,0.16,0.075,0.1,0.05,0.19,Optional,0,0.05,0.0,0.0,0.0,0,0.5,0,0.0,0.01,0.4,0.0,0.0,0.21,0.09,0,0,0.0,0,0.64,0.36,0.52,0.29,0.01,0.18,0.0,0.11,0.11,0.10670000000000002,0.010000000000000009,0.7363273198708004,0.011332800252756542,0.11760555405821685,0.3190810465858328,0.012038772659066221,0.1693505406907774,0.007243243243243255,-0.38059701492537207,0.5,0.01129729729729731,0.11483253588516765,0.13623374924593865
Venezuela,0.35,0.34,0.34,6.09,0.07,0.24,LIFO,0,0.0,0.0,0.0,0.0,1,0.5,0,0.0,0.01,0.4,0.0,0.0,0.21,0.09,0,0,0.0,0,0.64,0.36,0.52,0.29,0.01,0.18,0.0,6.1,6.1,5.2703999999999995,0.009999999999999787,0.04551564839239934,-1.1193427949266639,-1.0089338137032946,0.013107632387087112,-1.1905279822417123,-1.0083996345732003,-1.2418181818181824,-1.00805270863836,0.0,-1.2418181818181824,-1.00805270863836,-1.0087415092164607
Vietnam,0.2,0.25,0.2,0.03,0.03,0.25,Optional,0,0.0,0.0,0.01,0.0,0,0.5,0,0.0,0.01,0.4,0.0,0.0,0.21,0.09,0,0,0.0,0,0.64,0.36,0.52,0.29,0.01,0.18,0.0,0.04,0.04,0.0368,0.010000000000000002,0.9143594638700651,0.011441717058242457,0.1260053059259896,0.4491017964071856,0.020131736526946095,0.5032718619869121,0.0085,-0.17647058823529427,0.5,0.012249999999999999,0.18367346938775486,0.26182126610792167
Zambia,0.35,0.35,0.35,0.1,0.05,0.47,Optional,0,0.0,0.0,0.05,0.0,1,0.5,0,0.0,0.01,0.4,0.0,0.0,0.21,0.09,0,0,0.0,0,0.64,0.36,0.52,0.29,0.01,0.18,0.0,0.11,0.11,0.0946,0.010000000000000009,0.8692253997624797,0.009007337112321268,-0.11020603262654212,0.3457814661134163,0.024402170443664217,0.5902003871710351,-0.008307692307692311,-2.203703703703704,0.5,0.01861538461538461,0.46280991735537125,0.14194027850058566
